id,title,category,status,filename,width_px,height_px,aspect_ratio,catalogue_page,sha256
SK-REF01,Maly - wooden crutch reference,Character sheets,Reference,01_Character_Sheets/SK-REF01_Maly_wooden_crutch_reference.png,1448,1086,4:3,2,66a02f707dd12dbe9027e8bf6a59ee056295b2a6e89832eac569944226c646b4
SK-REF02,Maly - metal crutch and yellow outfit,Character sheets,Reference,01_Character_Sheets/SK-REF02_Maly_metal_crutch_and_yellow_outfit.png,1448,1086,4:3,3,cf427b06fa7055bdef0d4d50e67d32604dbfada52c4d6d91651db79da74bc65e
SK-REF03,"Sokha, Mae, Vannak and Rithy",Character sheets,Reference,01_Character_Sheets/SK-REF03_Sokha_Mae_Vannak_and_Rithy.png,1448,1086,4:3,4,1485d311a80bfd5fcd4fc9ff18d52a5430c1f5fbfea40fd5cbc8f86d078cb66a
SK-REF04,"Lina, Sarath, Kosal and Sreyneang",Character sheets,Reference,01_Character_Sheets/SK-REF04_Lina_Sarath_Kosal_and_Sreyneang.png,1448,1086,4:3,5,3ea1ad0266a31b16553df870ddfc90e48e01db412798a21a07c44bfda77f0739
SK-I01,The ribbon and the stolen corner,Interior illustrations,Final,02_Interior_Illustrations/SK-I01_The_ribbon_and_the_stolen_corner.png,1448,1086,4:3,6,d02379d8b0c1303f055f69a783f98dfe26d03e2ea7b88fc7ffa6676f734b133f
SK-I02,The ball beyond the playing ground,Interior illustrations,Final,02_Interior_Illustrations/SK-I02_The_ball_beyond_the_playing_ground.png,1448,1086,4:3,7,70bc4c40099f7e0a9295d637c81d73834bfdd73798b0477ee88882af74066111
SK-I03,A place inside,Interior illustrations,Final,02_Interior_Illustrations/SK-I03_A_place_inside.png,1448,1086,4:3,8,b6deee5abf7e710bf2e573f10c38d03af6efc2ec87cb4bd05ea7332f174570f4
SK-I04,The room holds its breath,Interior illustrations,Final,02_Interior_Illustrations/SK-I04_The_room_holds_its_breath.png,1448,1086,4:3,9,22ed2f894b79e02833c8e7fc88e41c695f51fc4183d6afdbd67b115756dc0344
SK-I05,The fork in the road,Interior illustrations,Final,02_Interior_Illustrations/SK-I05_The_fork_in_the_road.png,1024,1536,2:3,10,e812dbf4438ea4a11054bd754dd38cccb98a50b36d04bcfb365c01972ccd6301
SK-I06,The change made without asking,Interior illustrations,Final,02_Interior_Illustrations/SK-I06_The_change_made_without_asking.png,1024,1536,2:3,11,96caacc5c8a63fe4dfcbe852e12399b1cf4b599517a7f92060ac84c5b78a4905
SK-I07,The crooked blue cover,Interior illustrations,Final,02_Interior_Illustrations/SK-I07_The_crooked_blue_cover.png,1024,1536,2:3,12,0b94530482a7410c5dbd7b0ce5bf2f10f0ef1fae8871589fef49410ebb484025
SK-I08,Maly speaks at the meeting,Interior illustrations,Final,02_Interior_Illustrations/SK-I08_Maly_speaks_at_the_meeting.png,1448,1086,4:3,13,91d796a1fcee1e88790dc95b9dc9efae1e53fd2345b9fed6eae88c5248a50a9b
SK-I09,Making the Book of Steps,Interior illustrations,Final,02_Interior_Illustrations/SK-I09_Making_the_Book_of_Steps.png,1448,1086,4:3,14,7859daf694ce4420bd1ffa3c329dba341c29b66ddb972261f7e7e581756a6d50
SK-I10,The choice belongs to Maly,Interior illustrations,Final,02_Interior_Illustrations/SK-I10_The_choice_belongs_to_Maly.png,1024,1536,2:3,15,c429d491ecf82bf89f2cdd87661a7e5be9edd628ad1ceee89894a6b6fc761335
SK-I11,A room arranged with the children,Interior illustrations,Final,02_Interior_Illustrations/SK-I11_A_room_arranged_with_the_children.png,1448,1086,4:3,16,c3887fc38f4a6a86539412e3b84626d6040d718b721c51d71c178f28be027c7e
SK-I12,The notebook handed over closed,Interior illustrations,Final,02_Interior_Illustrations/SK-I12_The_notebook_handed_over_closed.png,1024,1536,2:3,17,4c60dcd432c4fe1325c06ec30f94bfb9fb73bec9c229392b2521039a9f38ffe7
SK-I13,A break where one is needed,Interior illustrations,Final,02_Interior_Illustrations/SK-I13_A_break_where_one_is_needed.png,1448,1086,4:3,18,8625a008e5583c1143c8c2573c5d87b6ee15e3b0c63388b756fba4993f4a1ae9
SK-I14,The bell finds everyone,Interior illustrations,Final,02_Interior_Illustrations/SK-I14_The_bell_finds_everyone.png,1024,1536,2:3,19,4918b8593e1bc905eddd20e464c5e0ec83fbc7e8727aea6282eee2c81b61a530
SK-I15,A page in two voices,Interior illustrations,Final,02_Interior_Illustrations/SK-I15_A_page_in_two_voices.png,1448,1086,4:3,20,a53f73dc9dca869681a4d6922b6807ab52e476eafc963f3998166b45140ebecc
SK-C01,Front cover,Covers,Latest version,03_Covers/SK-C01_Front_cover.png,1024,1536,2:3,21,d9f470d9658e531beeebfc58a8dfd44c3f8dc5ae5c789e38ed6c9e1c8a95f2ae
SK-C04,Back cover,Covers,Final,03_Covers/SK-C04_Back_cover.png,1024,1536,2:3,22,89afb73f377b52721dba219446ec244b46ef1934d999f586badd713586971f95
SK-C01-ALT01,Front cover - earlier option,Alternates,Alternate,04_Alternate_Cover/SK-C01-ALT01_Front_cover_earlier_option.png,1024,1536,2:3,23,a4b6fafc2c1e20e3417399e1e1f6f0fa018d14484d6deef1a41f7788b1967d39
