id,kind,title,chapter,date,characters,line,excerpt,anchor,ratio,layout,notes,filename,source_filename,source_sha256,status
AE-I01,Interior,The silent school bell,Chapter One The Schoolbag That Was No Use,September 2 2024,Katya; Alina; Denys; Alina’s parent; Denys’s parent.,156,I held the phone up for a whole minute.,"I held the phone up for a whole minute. On the file, you’d probably only hear my sleeve brushing the mic and a truck far away. Still, something had been kept: eight o’clock, in front of our school, the bell hadn’t rung, and we had come anyway.",2:3,Pleine page verticale après le paragraphe repère. Laisser le texte précédent se terminer avant l’image.,Uniforme et grille bleue sont attestés. Couleur de jupe et apparence des élèves sont proposées. Le carnet rouge reste dans le sac à cet instant.,AE-I01_v01.png,Anastasiyas_Echo_EN_corrige.md,042a7cc98dadfaee502d85e267f5d10c8f15ee8280387e2472b437b0fe37f47c,Prompt prepared; image not yet generated
AE-I02,Interior,The landing library,Chapter Two The City Speaks Softly,September 18 2024,Katya; Oksana; Solomiya; Solomiya’s grandmother.,236,Solomiya hugged the book to her chest.,Solomiya hugged the book to her chest.,4:3,Image horizontale sur environ une demi page après le paragraphe repère.,"Deux cagettes sous un drap bleu, bibliothèque sur le palier du troisième étage et grossesse sont attestés. Aucun bébé déjà né.",AE-I02_v01.png,Anastasiyas_Echo_EN_corrige.md,042a7cc98dadfaee502d85e267f5d10c8f15ee8280387e2472b437b0fe37f47c,Prompt prepared; image not yet generated
AE-I03,Interior,Two fingers on a cheek,Chapter Five The Night Without a Bridge,Night of November 28 2024,Katya; Oksana; newborn Anastasiya; Baba Vira.,778,Mama laid two fingers on her cheek.,Mama laid two fingers on her cheek.,2:3,"Pleine page après le paragraphe repère, avant les paroles suivantes d’Oksana.",Anastasiya est née depuis quelques instants. Soutenir visiblement sa tête. Vira reste présente; Ihor se trouve hors champ dans le couloir.,AE-I03_v01.png,Anastasiyas_Echo_EN_corrige.md,042a7cc98dadfaee502d85e267f5d10c8f15ee8280387e2472b437b0fe37f47c,Prompt prepared; image not yet generated
AE-I04,Interior,Letting someone else carry her,Chapter Eight Twelve Kilometers of Snow,December 16 2024,Katya; Anastasiya; Baba Vira; Ihor; distant evacuation group.,1330,Vira took Anastasiya. The shawl went from my body to hers.,"Vira took Anastasiya. The shawl went from my body to hers. For a second, the cold hit my damp chest. Then another feeling arrived: relief.",2:3,Pleine page après le paragraphe repère.,"Bébé d’environ dix-huit jours. Transfert déjà terminé, visage et voies respiratoires visibles. Aucun porte bébé moderne ajouté.",AE-I04_v01.png,Anastasiyas_Echo_EN_corrige.md,042a7cc98dadfaee502d85e267f5d10c8f15ee8280387e2472b437b0fe37f47c,Prompt prepared; image not yet generated
AE-I05,Interior,A hand on Katya’s chin,Chapter Ten When the Ink Froze,January 29 to February 3 2025,Katya; Anastasiya; Baba Vira; Nina; Ihor; Olena Petrivna.,1654,That was enough for me.,That was enough for me.,4:3,"Demi page horizontale après le paragraphe repère, avant List of Forbidden Feelings.",Anastasiya a environ deux mois; elle ne rit pas et ne sourit pas à cet instant. Le dessert vient d’être partagé. Charbon et carnet prolongent le motif de l’écriture.,AE-I05_v01.png,Anastasiyas_Echo_EN_corrige.md,042a7cc98dadfaee502d85e267f5d10c8f15ee8280387e2472b437b0fe37f47c,Prompt prepared; image not yet generated
AE-I06,Interior,Listening at the clinic,Chapter Twelve The Road to the Clinic,February 15 to 18 2025,Katya; Anastasiya; Larysa; Baba Vira.,1916,Larysa let me listen with a stethoscope.,"Larysa let me listen with a stethoscope. I didn’t understand the sound, but she smiled.",2:3,Pleine page après le paragraphe repère et les deux répliques qui le suivent si la pagination le permet.,Bébé d’environ deux mois et demi. Pas de diagnostic ajouté ni de schéma thérapeutique. L’oxygène a été mis en place au chapitre; ne pas inventer de montage technique détaillé.,AE-I06_v01.png,Anastasiyas_Echo_EN_corrige.md,042a7cc98dadfaee502d85e267f5d10c8f15ee8280387e2472b437b0fe37f47c,Prompt prepared; image not yet generated
AE-I07,Interior,Asking before keeping a voice,Chapter Thirteen The School Underground,March 11 2025,Katya; Pavlo; Solomiya; Artem; Olena Petrivna; two anonymous pupils.,2164,"Do you want me to keep it, give it back to you, or copy it without your name?","“Do you want me to keep it, give it back to you, or copy it without your name?”",4:3,Demi page horizontale après la question repère. Éviter les doubles pages pour un ebook reflowable.,Téléphone au chapitre 13; l’enregistreur sera réparé au chapitre 14. Anastasiya est gardée par Nina de l’autre côté de la couverture et reste hors champ.,AE-I07_v01.png,Anastasiyas_Echo_EN_corrige.md,042a7cc98dadfaee502d85e267f5d10c8f15ee8280387e2472b437b0fe37f47c,Prompt prepared; image not yet generated
AE-I08,Interior,The recorder under the missing roof,Chapter Fourteen The Roof With No Roof,March 30 2025,Katya; Ihor.,2420,Ihor sat down next to me. His shoulder touched mine.,Ihor sat down next to me. His shoulder touched mine. Neither of us moved.,2:3,Pleine page après le paragraphe repère.,Deux adolescents de quatorze et seize ans. Vira garde Anastasiya hors champ. La constellation reste une suggestion sans annotation astronomique.,AE-I08_v01.png,Anastasiyas_Echo_EN_corrige.md,042a7cc98dadfaee502d85e267f5d10c8f15ee8280387e2472b437b0fe37f47c,Prompt prepared; image not yet generated
AE-I09,Interior,Seven seconds of laughter,Chapter Fifteen The First Laugh,April 7 2025,Katya; Anastasiya; Ihor; Baba Vira; Nina; Pavlo; Solomiya; Mykola.,2508,The bird fell off all by itself.,The bird fell off all by itself.,4:3,Demi page horizontale après le paragraphe suivant Anastasiya laughed a second time.,"Bébé d’un peu plus de quatre mois, soutenu dans son panier; pas debout ou assis seul. Oiseau de bois à aile gauche plus courte, jamais oiseau vivant.",AE-I09_v01.png,Anastasiyas_Echo_EN_corrige.md,042a7cc98dadfaee502d85e267f5d10c8f15ee8280387e2472b437b0fe37f47c,Prompt prepared; image not yet generated
AE-I10,Interior,A person beyond the word missing,Chapter Eighteen The Register of the Living,May 28 2025,Katya; Daryna.,3078,I added every detail.,I added every detail.,2:3,Pleine page après le paragraphe repère.,"Mykhailo est évoqué, mais absent. À cet instant le titre Register of the Living n’a pas encore été écrit; ne pas l’ajouter sur la page.",AE-I10_v01.png,Anastasiyas_Echo_EN_corrige.md,042a7cc98dadfaee502d85e267f5d10c8f15ee8280387e2472b437b0fe37f47c,Prompt prepared; image not yet generated
AE-I11,Interior,The village makes its own sound,Chapter Twenty The Festival of Sounds Found Again,June 5 2025 before the alert,Katya; Anastasiya; Nina; Ihor; Baba Vira; Pavlo; Solomiya; Daryna; Olena Petrivna; Mykola.,3668,My sister hit it with every bit of strength in her arm.,My sister hit it with every bit of strength in her arm.,4:3,Image horizontale sur une demi page après le paragraphe repère.,"Anastasiya a six mois, soutenue; cuillère en bois et petit pot. Journalistes et convoi ne sont pas encore arrivés. Le bébé frappe pour la première fois, avant le rire suivant.",AE-I11_v01.png,Anastasiyas_Echo_EN_corrige.md,042a7cc98dadfaee502d85e267f5d10c8f15ee8280387e2472b437b0fe37f47c,Prompt prepared; image not yet generated
AE-I12,Interior,The living hand,Chapter Twenty-One Under the Bricks,Night of June 5 to 6 2025,Katya; Anastasiya; Pavlo.,3832,I took Pavlo’s hand.,I took Pavlo’s hand.,2:3,"Pleine page après le paragraphe repère, avant la consigne adressée à Pavlo.",Pavlo n’est pas coincé sous une poutre; il est sidéré près du tableau tombé. Le carnet est sous une planche. Vira n’est pas encore retrouvée.,AE-I12_v01.png,Anastasiyas_Echo_EN_corrige.md,042a7cc98dadfaee502d85e267f5d10c8f15ee8280387e2472b437b0fe37f47c,Prompt prepared; image not yet generated
AE-I13,Interior,Help before the interview,Chapter Twenty-Two Help Vira First,June 6 2025 at dawn,Katya; Anastasiya; Baba Vira; Aïcha Mbala; Svitlana; camera operator; two medics.,4068,The man lowered the camera. She switched it off in front of me.,"Aïcha looked at the stretcher, then at her team. She said a few quick words. The man lowered the camera. She switched it off in front of me. The little click was almost too quiet to hear under all the radios and engines.",4:3,Demi page horizontale après le paragraphe repère.,Aïcha porte encore sa veste bleu foncé et ses cheveux attachés. Caméra baissée et voyant éteint. Vira vivante sur une civière; blessure non graphique.,AE-I13_v01.png,Anastasiyas_Echo_EN_corrige.md,042a7cc98dadfaee502d85e267f5d10c8f15ee8280387e2472b437b0fe37f47c,Prompt prepared; image not yet generated
AE-I14,Interior,A notebook entrusted with conditions,Chapter Twenty-Four We Were Here,June 7 2025,Katya; Aïcha Mbala.,4560,"For one second, we were both holding it.","For one second, we were both holding it.",2:3,Pleine page après le paragraphe repère.,"L’entretien est terminé; aucune caméra ne filme cette remise. Le carnet rouge porte ruban adhésif, poussière et coin noirci. Le nouveau carnet vert n’a pas encore été remis.",AE-I14_v01.png,Anastasiyas_Echo_EN_corrige.md,042a7cc98dadfaee502d85e267f5d10c8f15ee8280387e2472b437b0fe37f47c,Prompt prepared; image not yet generated
AE-I15,Interior,The bell and the laugh,Epilogue The Bell and the Laugh,September 1 2025,Katya aged fifteen; Anastasiya aged nine months; Baba Vira; Ihor; girl with red glasses and a violin; three arriving pupils.,4720,The bell rang. Anastasiya laughed.,"The bell rang. Anastasiya laughed. This time, the echo didn’t come from the guns.",2:3,"Pleine page de clôture après le dernier paragraphe de l’épilogue, avant le glossaire.","École temporaire dans un ancien centre communautaire à l’ouest du pays. Carnet vert dans la main, pas de téléphone sorti. Vira utilise une canne, pas des béquilles.",AE-I15_v01.png,Anastasiyas_Echo_EN_corrige.md,042a7cc98dadfaee502d85e267f5d10c8f15ee8280387e2472b437b0fe37f47c,Prompt prepared; image not yet generated
AE-C01,Cover,Front cover,Cover,Visual synthesis of the 2024 to 2025 story,Katya; Anastasiya.,,,"Motifs sourced from Chapters One, Five, Seven and Fifteen; visual synthesis, no insertion anchor.",2:3,Première de couverture. Composition indicative 6 × 9 pouces; titre composé séparément dans le tiers supérieur.,"Composition de synthèse, pas une scène supplémentaire. Âge visuel du bébé fixé à quatre mois. Aucun personnage absent ou défunt en apparition.",AE-C01_v01.png,Anastasiyas_Echo_EN_corrige.md,042a7cc98dadfaee502d85e267f5d10c8f15ee8280387e2472b437b0fe37f47c,Prompt prepared; image not yet generated
AE-C04,Cover,Back cover,Cover,Visual synthesis of the 2024 to 2025 story,None.,,,"Objects sourced from Chapters Ten, Fourteen, Fifteen and Twenty-One; visual synthesis, no insertion anchor.",2:3,Quatrième de couverture. Réserver environ 60 % de la hauteur supérieure au résumé et une zone calme en bas à droite au code barres.,Le carnet rouge porte un coin noirci comme après juin. Montrer l’oiseau de bois à aile gauche plus courte et le châle; aucun carnet vert nécessaire.,AE-C04_v01.png,Anastasiyas_Echo_EN_corrige.md,042a7cc98dadfaee502d85e267f5d10c8f15ee8280387e2472b437b0fe37f47c,Prompt prepared; image not yet generated
AE-REF01,Reference,Core character reference sheet,Production reference,Age studies,"Katya; Ihor; Oksana; Baba Vira; Aïcha Mbala; Anastasiya shown as a newborn, at four months and at nine months.",,,Age anchors: Chapters Four and Fourteen; Chapter Twenty-Four; Epilogue.,4:3,Référence de production uniquement. Ne pas insérer dans les quinze images du roman.,Chaque apparence non décrite par le roman reste un choix artistique proposé. L’absence d’étiquettes évite les erreurs de texte généré; le designer les ajoute ensuite.,AE-REF01_v01.png,Anastasiyas_Echo_EN_corrige.md,042a7cc98dadfaee502d85e267f5d10c8f15ee8280387e2472b437b0fe37f47c,Prompt prepared; image not yet generated
