ID,Chapter,Scene,Status,Asset file,Insert after this paragraph,Source line,Width px,Height px,Width at 300 ppi (in),Height at 300 ppi (in)
DB-I01,1,The third seam,Nouvelle,DB-I01.png,"A strip of black plastic had peeled off. Under the layers of tape, you could see the gray cloth we’d added last week.",93,1536,1024,5.12,3.4133333333333336
DB-I02,2,The second trip,Nouvelle,DB-I02.png,I caught up with Awa. We made the trip again. This time I carried the yellow basin and she took the small jug. Neither of us said a word.,323,1536,1024,5.12,3.4133333333333336
DB-I03,3,The rhythm that returns,Nouvelle,DB-I03.png,Baba’s eyes turned toward me.,615,1536,1024,5.12,3.4133333333333336
DB-I04,4,Two dark red laces,Nouvelle,DB-I04.png,He held out the laces.,961,1536,1024,5.12,3.4133333333333336
DB-I05,7,A challenge needs rules,Corrigée,DB-I05.png,"Fatou wrote the rules on a page, then read them out loud.",1599,1536,1024,5.12,3.4133333333333336
DB-I06,8,Her work has a cost,Nouvelle,DB-I06.png,Mom knew where to put her hands before the problem even showed up.,1893,1536,1024,5.12,3.4133333333333336
DB-I07,10,Learning to wait,Corrigée,DB-I07.png,This time something silver flashed in its beak.,2327,1671,941,5.57,3.1366666666666667
DB-I08,11,The journal is his,Nouvelle,DB-I08.png,I held the journal against my chest.,2593,1536,1024,5.12,3.4133333333333336
DB-I09,12,A field for everyone,Nouvelle,DB-I09.png,"“We fill the hole,” I said.",2799,1536,1024,5.12,3.4133333333333336
DB-I10,13,What can I hold on to?,Conservée,DB-I10.jpeg,“Then what can I hold on to?”,3081,1529,2048,5.096666666666667,6.826666666666667
DB-I11,15,The red pass,Nouvelle,DB-I11.png,Then I pushed the ball between Cheikh and Malick.,3447,1536,1024,5.12,3.4133333333333336
DB-I12,16,Idrissa at the far post,Nouvelle,DB-I12.png,The net moved.,3735,1536,1024,5.12,3.4133333333333336
DB-I13,17,Keeping his word,Nouvelle,DB-I13.png,He held the ball out to me.,3881,1536,1024,5.12,3.4133333333333336
DB-I14,17,The page he chooses,Nouvelle,DB-I14.png,He didn’t ask for the other pages.,4043,1536,1024,5.12,3.4133333333333336
DB-I15,Epilogue,"Poc, doum, poc",Corrigée,DB-I15.png,I let the ball bounce between the beats.,4129,1672,941,5.573333333333333,3.1366666666666667
DB-C01,Cover,Front cover,Conservée,DB-C01.png,Cover outside narrative pagination,,1024,1536,3.4133333333333336,5.12
DB-C04,Cover,Back cover,Nouvelle,DB-C04.png,Cover outside narrative pagination,,1024,1536,3.4133333333333336,5.12